﻿<?xml version="1.0" encoding="utf-8"?>
<AlarmsStates>
  <Stateb7e31d7f4fb148d8a6d9c73e4da8d080>
    <Columns>
      <Column name="AcknowledgedColumn">
        <Width>45</Width>
        <SortDirection>Ascending</SortDirection>
        <Active>True</Active>
        <Pinned>False</Pinned>
        <AutoFitWeight>1</AutoFitWeight>
      </Column>
      <Column name="DateTimeColumn">
        <Width>65</Width>
        <SortDirection>Ascending</SortDirection>
        <Active>True</Active>
        <Pinned>False</Pinned>
        <AutoFitWeight>3</AutoFitWeight>
      </Column>
      <Column name="NameColumn">
        <Width>65</Width>
        <SortDirection>Ascending</SortDirection>
        <Active>True</Active>
        <Pinned>False</Pinned>
        <AutoFitWeight>3</AutoFitWeight>
      </Column>
      <Column name="DescriptionColumn">
        <Width>65</Width>
        <SortDirection>Ascending</SortDirection>
        <Active>True</Active>
        <Pinned>False</Pinned>
        <AutoFitWeight>3</AutoFitWeight>
      </Column>
      <Column name="MessageColumn">
        <Width>65</Width>
        <SortDirection>Ascending</SortDirection>
        <Active>True</Active>
        <Pinned>False</Pinned>
        <AutoFitWeight>3</AutoFitWeight>
      </Column>
      <Column name="TriggerColumn">
        <Width>65</Width>
        <SortDirection>Ascending</SortDirection>
        <Active>True</Active>
        <Pinned>False</Pinned>
        <AutoFitWeight>3</AutoFitWeight>
      </Column>
      <Column name="LevelColumn">
        <Width>80</Width>
        <SortDirection>Ascending</SortDirection>
        <Active>True</Active>
        <Pinned>False</Pinned>
        <AutoFitWeight>1</AutoFitWeight>
      </Column>
    </Columns>
    <SortColumn />
    <RowHeight>18</RowHeight>
    <AutoFitColumns>True</AutoFitColumns>
  </Stateb7e31d7f4fb148d8a6d9c73e4da8d080>
  <StateDefaultAlarmsWindow>
    <Columns>
      <Column name="AcknowledgedColumn">
        <Width>45</Width>
        <SortDirection>Ascending</SortDirection>
        <Active>True</Active>
        <Pinned>False</Pinned>
        <AutoFitWeight>1</AutoFitWeight>
      </Column>
      <Column name="DateTimeColumn">
        <Width>118</Width>
        <SortDirection>Ascending</SortDirection>
        <Active>True</Active>
        <Pinned>False</Pinned>
        <AutoFitWeight>3</AutoFitWeight>
      </Column>
      <Column name="NameColumn">
        <Width>118</Width>
        <SortDirection>Ascending</SortDirection>
        <Active>True</Active>
        <Pinned>False</Pinned>
        <AutoFitWeight>3</AutoFitWeight>
      </Column>
      <Column name="DescriptionColumn">
        <Width>118</Width>
        <SortDirection>Ascending</SortDirection>
        <Active>True</Active>
        <Pinned>False</Pinned>
        <AutoFitWeight>3</AutoFitWeight>
      </Column>
      <Column name="MessageColumn">
        <Width>118</Width>
        <SortDirection>Ascending</SortDirection>
        <Active>True</Active>
        <Pinned>False</Pinned>
        <AutoFitWeight>3</AutoFitWeight>
      </Column>
      <Column name="TriggerColumn">
        <Width>118</Width>
        <SortDirection>Ascending</SortDirection>
        <Active>True</Active>
        <Pinned>False</Pinned>
        <AutoFitWeight>3</AutoFitWeight>
      </Column>
      <Column name="LevelColumn">
        <Width>80</Width>
        <SortDirection>Ascending</SortDirection>
        <Active>True</Active>
        <Pinned>False</Pinned>
        <AutoFitWeight>1</AutoFitWeight>
      </Column>
    </Columns>
    <SortColumn />
    <RowHeight>18</RowHeight>
    <AutoFitColumns>True</AutoFitColumns>
  </StateDefaultAlarmsWindow>
</AlarmsStates>